segment_pair	ordinal	MAGIC	WIZARDS	size_ratio	normalized_similarity	normalized_line_edit_distance	normalized_line_edit_similarity	mnemonic_similarity	mnemonic_line_edit_distance	mnemonic_line_edit_similarity	magic_instruction_count	wizards_instruction_count
seg005->seg005	2	Exit_With_Message	Exit_With_Message	0.785714	0.899787	4	0.714286	0.896000	3	0.785714	14	11
seg005->seg005	3	UU_Exit_With_Value	Exit_With_Value	0.840000	0.931850	6	0.760000	0.923767	4	0.840000	25	21
seg031->seg033	7	UU_LBX_IMG_RawOverlay	Mask_Bitmap_Pixels	0.857143	0.106880	34	0.346154	0.670588	11	0.775510	42	49
seg031->seg033	11	UU_LBX_IMG_PartialCopy	Mask_Bitmap_Pixels_Inverse	0.875000	0.244165	33	0.352941	0.295858	12	0.750000	42	48
seg014->seg014	4	Set_Window	Set_Window	0.893617	0.599016	33	0.377358	0.901333	5	0.893617	42	47
seg028->seg030	9	UU_LBX_IMG_ClearGraphic	Replace_Color_All	0.916667	0.361915	39	0.380952	0.696063	10	0.833333	55	60
seg005->seg005	5	Update_MemFreeWorst_KB	Check_Free	0.916667	0.752294	9	0.307692	0.949495	1	0.916667	11	12
seg028->seg030	42	UU_LBX_IMG_OutlineOvr	Outline_Bitmap_Pixels	0.925620	0.408744	100	0.253731	0.030303	14	0.884298	112	121
seg028->seg030	28	UU_LBX_IMG_StripColors	Transparent_Color_Range	0.936508	0.017055	25	0.615385	0.688474	10	0.841270	59	63
seg014->seg014	7	UU_VGA_WndPutPixel	Clipped_Dot	0.939394	0.792703	18	0.538462	0.912281	4	0.878788	31	33
seg028->seg030	43	UU_LBX_IMG_OutlineOvr_R	Outline_Bitmap_Pixels_No_Glass	0.943089	0.382314	114	0.155556	0.344704	11	0.910569	116	123
seg005->seg005	6	RP_VGA_B800Dump	UU_VGA_B800Dump	0.943925	0.466191	29	0.743363	0.924152	9	0.915888	107	101
seg008->seg008	14	Allocate_Next_Block	Allocate_Next_Block	0.944444	0.202145	46	0.581818	0.533333	9	0.916667	108	102
seg031->seg033	13	UU_LBX_IMG_Shrink	Reduce_Bitmap	0.945946	0.568786	43	0.434211	0.841339	7	0.905405	70	74
seg022->seg022	7	Randomize	Randomize	0.950000	0.186992	7	0.650000	0.829016	2	0.900000	19	20
seg020->seg020	5	Set_Palette_Changes	Set_Palette_Changes	0.950000	0.287540	13	0.409091	0.864078	3	0.850000	19	20
seg020->seg020	6	Clear_Palette_Changes	Clear_Palette_Changes	0.950000	0.466454	13	0.409091	0.960784	1	0.950000	19	20
seg034->seg036	76	Assign_Auto_Function	Assign_Auto_Function	0.950000	0.632044	8	0.636364	0.947368	1	0.950000	19	20
seg028->seg030	1	UU_LBX_Image_Copy	Copy_Bitmap_To_Bitmap	0.951220	0.419890	32	0.346939	0.805755	5	0.878049	39	41
seg008->seg008	7	Allocate_Space	Allocate_Space	0.956522	0.279359	31	0.563380	0.961857	4	0.942029	69	66
seg018->seg018	7	Get_String_Width	Get_String_Width	0.958333	0.340255	18	0.647059	0.919315	2	0.958333	46	48
seg011->seg011	2	gfread	gfread	0.958333	0.684899	3	0.888889	0.927273	1	0.958333	23	24
seg013->seg013	16	EMM_ReleaseAll__STUB	EMM_Release_All	0.958333	0.741026	11	0.592593	0.979798	1	0.958333	23	24
seg017->seg017	10	UU_VGA_BotchedFColor	Set_Font_Highlight_Colors	0.958333	0.751445	14	0.500000	0.940639	2	0.916667	23	24
seg021->seg021	2	Cycle_Palette	Cycle_Palette	0.959016	0.458726	37	0.737589	0.012060	8	0.934426	122	117
seg034->seg036	46	UU_GUI_CreateMStateBtn	UU_GUI_CreateMStateBtn	0.959184	0.101874	21	0.580000	0.760915	8	0.836735	49	47
seg014->seg014	11	UU_VGA_DrawBiColorRect	UU_Interlaced_Fill	0.960000	0.128514	28	0.440000	0.891213	6	0.880000	48	50
seg024->seg024	7	UU_VGA_SaveDrawSection	Screen_Picture_Capture	0.960000	0.162044	33	0.365385	0.004505	7	0.860000	48	50
seg006->seg006	2	Quit_With_Message	Quit_With_Message	0.960000	0.586118	17	0.346154	0.907407	3	0.880000	25	24
seg017->seg017	15	Print_Far	Print_Far	0.960000	0.821270	9	0.640000	0.880658	5	0.800000	25	24
seg008->seg008	12	Allocate_First_Block	Allocate_First_Block	0.960396	0.769386	42	0.596154	0.587353	7	0.930693	101	97
seg027->seg029	2	FLIC_Remap_Draw_Frame	Remap_Draw_Frame_ASM	0.960630	0.236211	127	0.551237	0.019364	19	0.925197	254	244
seg017->seg017	12	VGA_SetAAColor	Set_Alias_Color	0.962264	0.820702	21	0.618182	0.019960	4	0.924528	51	53
seg014->seg014	6	VGA_WndDrawFilldRect	Clipped_Fill	0.963636	0.799469	41	0.378788	0.864407	6	0.890909	53	55
seg008->seg008	4	Near_Allocate_First	Near_Allocate_First	0.964286	0.457023	15	0.482759	0.962656	3	0.892857	28	27
seg034->seg036	66	Get_Input	Get_Input	0.965517	0.695214	10	0.736842	0.983193	1	0.965517	29	28
seg008->seg008	13	UU_SA_Alloc_Reset	Reset_First_Block	0.966667	0.077419	14	0.533333	0.875000	4	0.866667	29	30
seg008->seg008	15	Get_Free_Blocks	Get_Free_Blocks	0.966667	0.501931	13	0.566667	0.884211	3	0.900000	30	29
seg020->seg020	13	UU_Update_Cycle	Update_Cycle	0.967213	0.343978	35	0.485294	0.958333	4	0.934426	59	61
seg018->seg018	5	Print_Character_ASM_	Print_Character_ASM_	0.967742	0.662021	25	0.652778	0.937984	2	0.967742	60	62
seg028->seg030	10	UU_LBX_IMG_LoadPalette	Load_Palette_From_Animation	0.967742	0.761702	11	0.656250	0.869841	3	0.903226	30	31
seg012->seg012	9	EMM_MapnWrite	EMM_MapnWrite	0.968254	0.077154	22	0.661538	0.830450	5	0.920635	63	61
seg017->seg017	30	UU_VGA_WndDrawRtAligned	Clipped_Print_Right	0.968750	0.222904	19	0.424242	0.868750	6	0.812500	31	32
SOUND->SOUND	4	UU_SND_SetMIDIVol	Set_Music_Volume__STUB	0.968750	0.371048	20	0.444444	0.887372	3	0.906250	31	32
seg020->seg020	3	VGA_SetShades_Grey0	Calculate_Remap_Colors	0.968750	0.453633	23	0.671429	0.948097	2	0.968750	62	64
seg017->seg017	23	Print_Right	Print_Right	0.968750	0.528017	12	0.647059	0.950820	3	0.906250	31	32
seg017->seg017	63	UU_LBX_DrawRightAligned	Print_Right_To_Bitmap	0.969697	0.162791	19	0.424242	0.861357	7	0.787879	32	33
seg034->seg036	7	UU_GUI_SaveClickFile	UU_GUI_SaveClickFile	0.969697	0.219713	11	0.676471	0.944984	2	0.939394	32	33
seg018->seg018	6	VGA_DrawGlyph_NoAA	Print_Character_No_Alias_ASM_	0.969697	0.353425	37	0.525641	0.941606	2	0.969697	64	66
seg028->seg030	24	Draw_Picture	Draw_Picture	0.970588	0.856796	8	0.764706	0.958991	1	0.970588	33	34
seg031->seg033	5	Draw_Picture_ASM	Draw_Picture_ASM	0.970874	0.195774	54	0.509091	0.064309	8	0.922330	100	103
seg017->seg017	31	UU_VGA_WndDrawCentered	Clipped_Print_Centered	0.971429	0.256167	20	0.459459	0.875362	6	0.828571	34	35
seg017->seg017	24	Print_Centered	Print_Centered	0.971429	0.268390	17	0.514286	0.875362	6	0.828571	34	35
seg017->seg017	11	Set_Font_Colors_15	Set_Font_Colors_15	0.971429	0.580766	17	0.585366	0.922156	3	0.914286	34	35
seg017->seg017	64	UU_LBX_DrawCentered	Print_Centered_To_Bitmap	0.972222	0.153285	19	0.472222	0.868132	7	0.805556	35	36
seg028->seg030	40	LBX_IMG_IsFullFramed	Get_Full_Store_Flag	0.972973	0.165309	27	0.644737	0.891667	4	0.945946	72	74
seg018->seg018	4	LBX_DrawGlyph	Print_Character_To_Bitmap	0.974359	0.309584	30	0.638554	0.009063	6	0.923077	76	78
seg020->seg020	4	UU_VGA_SetShades_Range	Update_Remap_Color_Range	0.974684	0.639450	23	0.732558	0.959016	2	0.974684	77	79
seg017->seg017	43	UU_DBG_TblDrawValue	PSTRM	0.975309	0.026273	47	0.447059	0.846753	10	0.876543	79	81
seg031->seg033	14	UU_LBX_IMG_Stretch	Enlarge_Bitmap	0.975610	0.639514	38	0.577778	0.902873	5	0.939024	80	82
seg034->seg036	14	Check_Help_List	Check_Help_List	0.975904	0.546752	43	0.527473	0.915014	5	0.939759	81	83
seg014->seg014	15	Gradient_Fill	Gradient_Fill	0.976190	0.077102	94	0.069307	0.859241	8	0.904762	82	84
seg017->seg017	42	FNT_FontColorSelect	Set_Color_Set	0.976744	0.340398	21	0.533333	0.553097	4	0.906977	42	43
seg034->seg036	56	Decrement_Scroll_Bar	Decrement_Scroll_Bar	0.977941	0.131739	61	0.561151	0.911884	8	0.941176	133	136
seg031->seg033	6	VGA_CopyLBXImage_R	Remap_Draw_Picture_ASM	0.978022	0.311432	38	0.616162	0.957895	2	0.978022	89	91
seg017->seg017	59	Trim	Trim	0.978261	0.774332	28	0.471698	0.887850	4	0.913043	45	46
seg014->seg014	2	UU_Legacy_Startup	UU_Legacy_Startup	0.978261	0.876011	13	0.740000	0.942857	3	0.934783	45	46
seg020->seg020	14	UU_Set_Palette_Gradient	NX_VGA_CreateHues	0.978723	0.526559	31	0.720721	0.947368	3	0.968085	92	94
seg034->seg036	51	Add_Grid_Field	Add_Grid_Field	0.978873	0.269426	57	0.601399	0.858934	12	0.915493	139	142
seg027->seg029	5	FLIC_Draw_Frame_EMM_Remap	EMM_Remap_Draw_Frame_ASM	0.979079	0.544545	95	0.677966	0.015113	7	0.970711	239	234
seg028->seg030	34	UU_LBX_IMG_Resize	Scale_Bitmap	0.979167	0.463629	50	0.528302	0.050383	7	0.927083	94	96
seg017->seg017	13	VGA_SaveAAColors	Save_Alias_Colors	0.979592	0.406905	9	0.826923	0.954128	1	0.979592	48	49
seg019->seg019	5	VGA_GetTextHeight	Get_Paragraph_Max_Height	0.979592	0.539192	23	0.557692	0.008163	4	0.918367	48	49
seg028->seg030	46	LBX_IMG_GetGFXSize	Get_Bitmap_Actual_Size	0.980392	0.107426	93	0.305970	0.007897	12	0.882353	100	102
seg028->seg030	14	FLIC_Set_CurrentFrame	Set_Animation_Frame	0.981132	0.671591	16	0.703704	0.405904	3	0.943396	52	53
seg021->seg021	1	Apply_Palette	Apply_Palette	0.981132	0.682609	16	0.728814	0.959459	1	0.981132	52	53
seg017->seg017	14	VGA_RestoreAAColors	Restore_Alias_Colors	0.981481	0.385768	8	0.857143	0.983122	1	0.981481	53	54
seg031->seg033	15	Vanish_Bitmap	Vanish_Bitmap__WIP	0.981481	0.765187	13	0.771930	0.976939	1	0.981481	53	54
seg028->seg030	26	UU_LBX_IMG_CopyInto	Clipped_Copy_Bitmap	0.981818	0.047197	98	0.458564	0.010309	18	0.890909	162	165
seg017->seg017	51	UU_VGA_WndDrawString	Clipped_Print_String	0.981982	0.446388	62	0.537313	0.143137	11	0.900901	109	111
seg013->seg013	11	EMM_LBX_Load_Entry	EMM_LBX_EntryLoader	0.982456	0.139322	258	0.227545	0.856934	18	0.936842	285	280
seg011->seg011	1	gfopen	gfopen	0.983051	0.352699	91	-0.229730	0.947368	3	0.949153	58	59
seg003->seg003	5	LOF	LOF	0.983333	0.737828	6	0.903226	0.989583	1	0.983333	60	59
seg028->seg030	44	UU_LBX_IMG_ColorScrmblr	Bitmap_Aura_Pixels	0.983607	0.250000	28	0.562500	0.835821	7	0.885246	60	61
seg024->seg024	4	VGA_ReadScreenLine	VGA_ReadScreenLine	0.983607	0.261620	18	0.709677	0.072664	2	0.967213	60	61
seg017->seg017	52	UU_VGA_WndDrawChar	Clipped_Print_Character	0.983740	0.339794	99	0.282609	0.843066	16	0.869919	121	123
seg034->seg036	53	Add_Scroll_Field_Far	Add_Scroll_Field_Far	0.983784	0.716445	44	0.767196	0.890931	12	0.935135	182	185
seg034->seg036	38	UU_UI_AddAltKeyControl	Add_Multi_Hot_Key_Field	0.983871	0.651540	43	0.664062	0.976303	4	0.967742	122	124
seg028->seg030	2	Create_Picture	Create_Picture	0.983871	0.819318	9	0.857143	0.982877	1	0.983871	61	62
seg028->seg030	12	FLIC_Draw_XY_Wnd	Clipped_Draw	0.983957	0.438164	130	0.383886	0.827939	17	0.909091	184	187
seg012->seg012	8	EMM_MapnRead	EMM_MapnRead	0.984127	0.083585	13	0.796875	0.891525	3	0.952381	63	62
seg028->seg030	6	UU_LBX_IMG_PrepFill	Create_Blank_Picture	0.984127	0.543562	19	0.703125	0.809836	3	0.952381	62	63
seg016->seg016	3	Line	Line	0.984375	0.523490	57	0.614865	0.920810	6	0.953125	126	128
seg013->seg013	14	EMM_LBXR_DirectLoad	EMM_LBXR_DirectLoad	0.984694	0.081633	153	0.267943	0.798811	16	0.918367	196	193
seg028->seg030	25	Draw_Picture_Windowed	Draw_Picture_Windowed	0.984733	0.371878	99	0.326531	0.032415	21	0.839695	129	131
seg019->seg019	6	VGA_GetTextWidth	Get_Paragraph_Max_Width	0.984962	0.056443	80	0.487179	0.006661	14	0.894737	131	133
seg034->seg036	55	Increment_Scroll_Bar	Increment_Scroll_Bar	0.985185	0.242659	50	0.637681	0.928513	6	0.955556	133	135
seg034->seg036	35	UU_GUI_CreateEditSelect	Add_Continuous_String_Input_Field	0.985612	0.576257	52	0.625899	0.880452	10	0.928058	137	139
seg034->seg036	29	G_GUI_PressAnyKey	Wait_For_Input	0.985816	0.407314	30	0.811321	0.960317	3	0.978723	139	141
seg028->seg030	37	VGA_FILEH_Loader	Load_File_Animation_Frame	0.986486	0.132539	77	0.544379	0.032922	10	0.932432	146	148
seg017->seg017	49	UU_DBG_DrawTableCell	Disp_PSTR	0.987013	0.090785	60	0.610390	0.863388	12	0.922078	152	154
seg024->seg024	8	UU_VGA_CopyToLBX	Capture_Screen_Block	0.987500	0.136364	45	0.563107	0.023936	9	0.887500	79	80
seg028->seg030	13	Draw_Picture_To_Bitmap	Draw_Picture_To_Bitmap	0.987578	0.115314	75	0.573864	0.820988	10	0.937888	159	161
seg028->seg030	36	Draw_File_Animation__HACK	Draw_File_Animation	0.987654	0.351959	147	0.135294	0.930079	6	0.962963	160	162
seg017->seg017	62	Print_String_To_Bitmap	Print_String_To_Bitmap	0.987805	0.476746	103	0.469072	0.810209	15	0.908537	162	164
seg028->seg030	27	UU_LBX_IMG_Overlay	Clipped_Copy_Mask	0.987879	0.034240	123	0.320442	0.006353	18	0.890909	163	165
seg019->seg019	1	Print_Paragraph	Print_Paragraph	0.988024	0.063872	153	0.257282	0.100279	7	0.958084	165	167
seg018->seg018	9	VGA_DrawPartialGlyph	Print_Clipped_Letter	0.988095	0.262172	48	0.589744	0.969784	1	0.988095	83	84
seg019->seg019	13	UU_LBX_DrawText	Print_Paragraph_To_Bitmap	0.988304	0.094643	82	0.551913	0.940148	8	0.953216	169	171
seg017->seg017	37	VGA_DrawString	Print_String	0.988439	0.328315	199	0.033981	0.023795	14	0.919075	171	173
SOUND->SOUND	1	load_global_timbre	load_global_timbre	0.988506	0.497702	39	0.625000	0.989610	1	0.988506	86	87
seg022->seg022	31	UU_VGA_GrowOutFlip	Draw_Expanding_Bitmap	0.988636	0.410853	79	0.572973	0.938776	10	0.943182	174	176
seg021->seg021	7	FLIC_Load_Palette	FLIC_Load_Palette	0.989247	0.213580	42	0.693431	0.995146	1	0.989247	92	93
seg034->seg036	33	GUI_EditBoxRedraw	Draw_Input_Box_Popup	0.989717	0.645684	171	0.579853	0.939185	10	0.974293	385	389
seg020->seg020	12	UU_Cycle_Palette_Color	Cycle_Palette_Color__STUB	0.989796	0.326236	192	0.115207	0.838378	15	0.923469	194	196
seg034->seg036	47	Add_Hidden_Field	Add_Hidden_Field	0.989899	0.680588	26	0.740000	0.954654	3	0.969697	98	99
seg013->seg013	12	EMM_LBX_Load_FLIC_Header	EMM_LBX_Load_Picture_Header	0.990783	0.215114	166	0.343874	0.882487	10	0.953917	217	215
seg034->seg036	24	GUI_MouseEmuMove	UU_GUI_MouseEMUMoveTo	0.991071	0.584465	36	0.684211	0.980711	2	0.982143	111	112
seg028->seg030	3	UU_LBX_IMG_VShiftRect	LBX_IMG_VShiftRect	0.991189	0.426862	130	0.490196	0.111937	10	0.955947	225	227
seg017->seg017	50	UU_VGA_WndDrawSString	Clipped_Print	0.991266	0.296052	197	0.175732	0.977151	6	0.973799	227	229
seg010->seg010	13	LBX_GetEntryData	LBX_Get_Entry_Data	0.991304	0.077987	166	0.366412	0.864913	15	0.934783	230	228
seg022->seg022	30	UU_DBG_SelectDialog	UU_DBG_SelectDialog	0.991736	0.923405	75	0.704724	0.948407	5	0.979339	240	242
seg034->seg036	50	UU_GUI_CreateHelpLink	UU_GUI_CreateHelpLink	0.991870	0.163379	38	0.693548	0.937089	7	0.943089	122	123
seg017->seg017	36	Print_Display	Print_Display	0.991903	0.110692	222	0.136187	0.980357	6	0.975709	245	247
seg017->seg017	61	Print_Display_To_Bitmap	Print_Display_To_Bitmap	0.992278	0.087621	235	0.132841	0.964617	8	0.969112	257	259
seg034->seg036	60	UU_GUI_CreateTextDialog	Get_List_Field	0.992278	0.290085	187	0.343860	0.014844	29	0.888031	257	259
seg034->seg036	30	GUI_ProcessDirKey	Process_Direction_Key__STUB	0.992337	0.555818	134	0.539519	0.986714	3	0.988506	259	261
seg034->seg036	39	RP_GUI_CreateImageLabel	Add_Picture_Field	0.992366	0.529536	29	0.781955	0.954987	6	0.954198	130	131
seg027->seg029	1	FLIC_Draw_Frame	Draw_Frame_ASM	0.992958	0.750929	39	0.780899	0.993958	1	0.992958	141	142
seg016->seg016	4	Multi_Colored_Line	Multi_Colored_Line	0.992958	0.822150	51	0.670968	0.095847	9	0.936620	141	142
seg013->seg013	30	RP_EMM_LBX_Load2Hnd	UU_EMM_LBX_Load2Hnd	0.993056	0.489172	48	0.705521	0.789256	4	0.972222	143	144
seg014->seg014	10	VGA_WndDrawLineBase	Clipped_Line_Base	0.993289	0.091271	218	0.331288	0.942468	15	0.949664	296	298
seg013->seg013	13	EMM_LBX_Load_Record	EMM_LBX_RecLoader	0.993485	0.063421	247	0.262687	0.850388	17	0.944625	307	305
seg028->seg030	5	UU_LBX_IMG_HorzWarp	LBX_IMG_HorzWarp	0.993548	0.245571	23	0.869318	0.991138	2	0.987097	154	155
seg019->seg019	4	VGA_TextSetup	Mark_Paragraph	0.993789	0.134579	386	-0.084270	0.848401	18	0.944099	320	322
SOUND->SOUND	3	Play_Sound	Play_Sound	0.994269	0.731501	254	0.341969	0.980608	4	0.988539	347	349
seg034->seg036	32	Setup_Input_Box_Popup	Setup_Input_Box_Popup	0.994413	0.623400	232	0.439614	0.877942	14	0.960894	356	358
seg013->seg013	1	EMM_Startup	EMM_Startup	0.994444	0.336568	68	0.663366	0.977636	2	0.988889	179	180
seg008->seg008	19	Allocation_Error	Allocation_Error	0.994536	0.065177	48	0.757576	0.975346	3	0.983607	182	183
seg010->seg010	15	Error_Handler	Error_Handler	0.994536	0.412161	101	0.502463	0.933957	7	0.961749	182	183
seg034->seg036	73	Push_Field_Down	Push_Field_Down	0.994709	0.131591	61	0.705314	0.994652	1	0.994709	188	189
seg034->seg036	31	Input_Box_Popup	Input_Box_Popup	0.994737	0.486867	256	0.411494	0.950760	7	0.981579	378	380
seg013->seg013	7	UU_EMM_LoadLBX_Fail	UU_EMM_LoadLBX_Fail	0.994949	0.862299	19	0.916300	0.994503	1	0.994949	197	198
seg034->seg036	37	UU_GUI_CreateDialogLine	Add_String_List_Field	0.995098	0.555341	224	-0.092683	0.883850	14	0.931373	203	204
seg024->seg024	2	DBG_ScreenDump	Screen_Flic_Capture	0.995134	0.029752	408	0.042254	0.962418	5	0.987835	409	411
seg034->seg036	62	GUI_MoveDlgHighlight	GUI_MoveDlgHighlight__STUB	0.995192	0.680314	432	0.109278	0.984061	3	0.992788	414	416
seg021->seg021	6	VGA_ShadeColorMatch	Create_Remap_Palette	0.995536	0.144669	170	0.333333	0.957717	2	0.991071	223	224
seg025->seg025	3	VGA_FILEH_Draw_R	Remap_Draw_File_Animation_Frame_ASM	0.995763	0.695755	148	0.463768	0.844512	5	0.978814	236	235
seg034->seg036	54	Find_Bar_Position	Find_Bar_Position	0.996109	0.286782	177	0.344444	0.931748	8	0.968872	256	257
seg034->seg036	1	Interpret_Mouse_Input	Interpret_Mouse_Input	0.996310	0.681811	1562	-0.000641	0.957208	50	0.963100	1355	1350
seg029->seg031	1	VGA_DrawPartialImage	Clipped_Draw_Frame	0.996403	0.271471	120	0.639640	0.166735	1	0.996403	278	277
seg034->seg036	23	GUI_GetNextControl	GUI_GetNextControl	0.996454	0.986802	38	0.975515	0.998298	5	0.996454	1410	1405
SOUND->SOUND	2	Audio_Init__WIP	Audio_Init__WIP	0.996732	0.067927	194	0.717201	0.937843	32	0.947712	612	610
seg019->seg019	3	UU_GUI_CreateHelpLinks	UU_GUI_CreateHelpLinks	0.996885	0.367780	77	0.780000	0.806684	6	0.981308	320	321
seg030->seg032	1	VGA_DrawPartEmsImg	EMS_Clipped_Draw	0.997238	0.642380	71	0.842572	0.998692	1	0.997238	361	362
seg030->seg032	3	VGA_DrawPartEmsImg_R	EMS_Clipped_Remap_Draw	0.997253	0.834760	62	0.861915	0.996388	1	0.997253	363	364
ovr048->ovr050	1	Save_SAVE_GAM	Save_SAVE_GAM	0.997561	0.262132	167	0.626398	0.990944	2	0.995122	410	409
seg010->seg010	10	LBX_Load_Library	LBX_Load_Entry	0.997712	0.226027	108	0.791103	0.907692	7	0.983982	437	436
seg034->seg036	22	Interpret_Keyboard_Input	Interpret_Keyboard_Input	0.997758	0.253176	525	-0.045817	0.953020	60	0.865471	446	445
seg010->seg010	11	LBX_Load_Record	LBX_Load_Library_Data	0.998043	0.138343	319	0.473597	0.664909	37	0.927593	510	511
seg034->seg036	21	CRP_GUI_KeyInputOnly	RP_GUI_KeyInputOnly	0.998311	0.878785	143	0.786885	0.992786	2	0.996622	591	592
seg034->seg036	71	Draw_Fields	Draw_Fields	0.998507	0.531533	1033	0.506921	0.996251	5	0.997512	2007	2010
seg034->seg036	72	Draw_Field	Draw_Field	0.999395	0.715867	569	0.665884	0.999223	2	0.998789	1651	1652
seg017->seg017	20	UU_VGA_WndDrawRtAlgFar	Clipped_Print_Right_Far	1.000000	0.014265	10	0.583333	0.914980	4	0.833333	24	24
seg017->seg017	17	UU_VGA_DrawRtAlgFar	Print_Right_Far	1.000000	0.014684	9	0.625000	0.914980	4	0.833333	24	24
seg033->seg035	17	Read_Key	Read_Key	1.000000	0.039508	724	-0.861183	1.000000	0	1.000000	329	329
seg027->seg029	3	FLIC_Draw_EMM	EMM_Draw_Frame_ASM	1.000000	0.053711	76	0.687243	0.963389	4	0.982063	223	223
seg013->seg013	20	EMM_Get_Handle	EMM_Get_Handle	1.000000	0.059837	96	0.645756	0.923744	5	0.979839	248	248
seg012->seg012	1	EMM_Detect_Device	EMM_Detect_Device	1.000000	0.068906	11	0.792453	1.000000	0	1.000000	45	45
seg011->seg011	3	gfwrite	gfwrite	1.000000	0.082627	17	0.451613	0.785425	4	0.833333	24	24
seg022->seg022	25	RP_MEM_ClearBit_Far	Clear_Bit_Field	1.000000	0.092470	7	0.750000	0.983871	2	0.925926	27	27
seg005->seg005	1	Exit_With_Size	Exit_With_Size	1.000000	0.104268	99	0.292857	0.030098	5	0.963504	137	137
seg022->seg022	24	RP_MEM_SetBit_Far	Set_Bit_Field	1.000000	0.104948	6	0.739130	0.981132	2	0.913043	23	23
seg010->seg010	12	LBX_Load_Data_Static	LBX_Load_Data_Static	1.000000	0.106524	106	0.735000	1.000000	0	1.000000	347	347
seg014->seg014	14	VGA_DrawDblRect	UU_VGA_DrawDblRect	1.000000	0.112389	27	0.696629	0.954327	4	0.953488	86	86
seg034->seg036	85	Toggle_Pages	Toggle_Pages	1.000000	0.132007	10	0.767442	0.959064	2	0.944444	36	36
seg017->seg017	29	UU_VGA_WndDrawLongN	Clipped_Print_Long	1.000000	0.134929	15	0.500000	0.790541	5	0.833333	30	30
seg013->seg013	32	EMS_BuildEmsErrStr	EMM_Error_Message	1.000000	0.142132	14	0.641026	0.925714	3	0.918919	37	37
seg008->seg008	6	Near_Allocation_Error	Near_Allocation_Error	1.000000	0.148221	9	0.756757	0.977199	1	0.970588	34	34
seg011->seg011	4	gfseek	gfseek	1.000000	0.149425	6	0.666667	0.848485	2	0.846154	13	13
seg017->seg017	33	UU_VGA_WndDrawRtAlgLong	Clipped_Print_Long_Right	1.000000	0.152009	15	0.482759	0.782007	5	0.827586	29	29
seg017->seg017	32	UU_VGA_WndDrawRtAlgNum	Clipped_Print_Integer_Right	1.000000	0.152542	14	0.500000	0.791209	5	0.821429	28	28
seg017->seg017	28	UU_VGA_WndDrawNumber	Clipped_Print_Integer	1.000000	0.152913	14	0.517241	0.800000	5	0.827586	29	29
seg017->seg017	27	UU_VGA_DrawRtAlgLongN	Print_Long_Right	1.000000	0.155383	14	0.517241	0.782007	5	0.827586	29	29
seg026->seg028	11	VGA_LoadDraw_Frame4	Copy_Page4_To_Off	1.000000	0.157303	16	0.636364	1.000000	0	1.000000	37	37
seg013->seg013	4	EMM_Load_LBX_File	EMM_Load_LBX_File	1.000000	0.158000	169	0.326693	0.831731	12	0.942584	209	209
seg017->seg017	25	Print_Integer_Right	Print_Integer_Right	1.000000	0.166253	13	0.535714	0.791209	5	0.821429	28	28
seg017->seg017	22	UU_VGA_DrawLongNumber	Print_Long	1.000000	0.168649	12	0.612903	0.887417	4	0.866667	30	30
seg034->seg036	83	Call_Auto_Function	Call_Auto_Function	1.000000	0.191257	4	0.840000	1.000000	0	1.000000	22	22
seg034->seg036	82	Quick_Call_Auto_Function	Quick_Call_Auto_Function	1.000000	0.191781	4	0.846154	1.000000	0	1.000000	23	23
seg019->seg019	8	UU_VGA_AddFloatingBlock	Set_Paragraph_Exclusion_Area	1.000000	0.194946	20	0.285714	0.885965	4	0.851852	27	27
seg017->seg017	47	UU_DBG_TblDrawS32	PSTRL	1.000000	0.198103	15	0.545455	0.929577	4	0.870968	31	31
seg033->seg035	40	Draw_Mouse_Off_Page_	Draw_Mouse_Off_Page_	1.000000	0.202400	32	0.735537	1.000000	0	1.000000	107	107
seg033->seg035	39	Draw_Mouse_On_Page_	Draw_Mouse_On_Page_	1.000000	0.203589	31	0.741667	1.000000	0	1.000000	106	106
seg019->seg019	9	UU_VGA_AddFltIMGSpace	UU_Set_Paragraph_Exclusion_Picture	1.000000	0.203844	24	0.547170	0.866379	5	0.903846	52	52
seg033->seg035	12	MD_INT_Handler	User_Mouse_Handler	1.000000	0.206857	38	0.691057	0.937269	4	0.965517	116	116
seg017->seg017	48	UU_DBG_TblDrawU32	PSTRU	1.000000	0.209637	18	0.513514	0.920732	4	0.885714	35	35
seg028->seg030	30	UU_LBX_IMG_ClearRect	Clear_Bitmap_Region	1.000000	0.212801	45	0.608696	0.924925	7	0.934579	107	107
seg018->seg018	8	VGA_DrawPartialChar	Print_Clipped_Character	1.000000	0.213158	12	0.769231	0.836283	5	0.897959	49	49
seg034->seg036	49	Add_Hot_Key	Add_Hot_Key	1.000000	0.220843	24	0.733333	0.979920	1	0.988636	88	88
seg013->seg013	17	EMM_Release_Resd	EMM_Release_Resd	1.000000	0.221344	8	0.714286	1.000000	0	1.000000	24	24
seg022->seg022	23	RP_MEM_TestBit_Far	Test_Bit_Field	1.000000	0.224324	13	0.500000	0.981132	2	0.913043	23	23
seg017->seg017	26	UU_VGA_DrawCntrdNumber	Print_Integer_Centered	1.000000	0.230024	14	0.517241	0.839416	5	0.821429	28	28
seg034->seg036	42	Add_Button_Info	Add_Button_Info	1.000000	0.235740	59	0.633540	0.925562	8	0.949686	159	159
seg025->seg025	2	VGA_MapNextEMMPage	Map_File_Animation_Frame_ASM	1.000000	0.239016	6	0.625000	1.000000	0	1.000000	16	16
seg034->seg036	34	Add_Input_Field	Add_Input_Field	1.000000	0.243729	65	0.638889	0.864303	12	0.932584	178	178
seg018->seg018	1	Set_Font_Style	Set_Font_Style	1.000000	0.258270	57	0.606897	0.985985	1	0.992593	135	135
seg008->seg008	9	SA_Allocate_MemBlk_EntrySize	Allocate_Space_No_Header__EntrySize	1.000000	0.265546	17	0.527778	0.898361	2	0.937500	32	32
seg017->seg017	46	UU_DBG_TblDrawS16	PSTR	1.000000	0.268041	14	0.562500	0.927007	4	0.866667	30	30
seg008->seg008	5	Near_Allocate_Next	Near_Allocate_Next	1.000000	0.276636	17	0.468750	0.854093	4	0.862069	29	29
seg003->seg003	6	UU_DISK_GetFileDateTime	UU_DISK_GetFileDateTime	1.000000	0.279869	5	0.893617	1.000000	0	1.000000	42	42
seg002->seg002	3	Release_Time	Release_Time	1.000000	0.280443	9	0.750000	0.996310	1	0.968750	32	32
SOUND->SOUND	9	Audio_Uninit__STUB	Audio_Uninit__STUB	1.000000	0.282854	10	0.523810	1.000000	0	1.000000	19	19
seg033->seg035	32	Save_Mouse_On_Page_	Save_Mouse_On_Page_	1.000000	0.285094	29	0.688172	0.056911	4	0.952941	85	85
seg008->seg008	18	UU_SA_Deallocate_Space	UU_LBX_Alloc_Free	1.000000	0.285714	6	0.571429	0.907692	1	0.928571	14	14
seg025->seg025	1	VGA_FILEH_Draw	Draw_File_Animation_Frame_ASM	1.000000	0.292274	37	0.851406	0.968944	4	0.982379	227	227
seg022->seg022	32	PageFlip_GrowOut_CopyScreen	Copy_Screen_To_Bitmap	1.000000	0.301370	21	0.676923	1.000000	0	1.000000	45	45
seg017->seg017	21	UU_VGA_DrawNumber	Print_Integer	1.000000	0.334963	10	0.655172	0.902098	4	0.862069	29	29
seg013->seg013	27	EMM_EMMDATAH_AllocNext	EMMDATAH_Allocate_Next	1.000000	0.335255	36	0.555556	0.929655	6	0.923077	78	78
seg013->seg013	26	EMM_EMMDATAH_AllocFirst	EMMDATAH_Allocate_First	1.000000	0.340197	35	0.562500	0.928471	6	0.922078	77	77
seg034->seg036	65	Init_Mouse_Keyboard	Init_Mouse_Keyboard	1.000000	0.340459	37	0.543210	1.000000	0	1.000000	72	72
seg033->seg035	30	Save_Mouse_On_Page	Save_Mouse_On_Page	1.000000	0.355234	26	0.752381	0.977621	2	0.979381	97	97
seg031->seg033	16	Grayscale_Bitmap	Gray_Scale_Bitmap	1.000000	0.359697	19	0.743243	0.968903	2	0.970588	68	68
seg017->seg017	44	UU_DBG_TblCellWrapper	Disp_PSTR_Wrapper	1.000000	0.368509	10	0.523810	0.891429	3	0.842105	19	19
SOUND->SOUND	10	UU_SND_LegacyFn	NX_UU_SND_LegacyFn	1.000000	0.377937	12	0.769231	1.000000	0	1.000000	41	41
seg033->seg035	48	UU_GUI_ProcBufferClick	UU_GUI_ProcBufferClick	1.000000	0.382039	18	0.821782	1.000000	0	1.000000	61	61
seg017->seg017	67	UU_LBX_DrawRtAlgFar	UU_Print_Right_To_Bitmap_Far	1.000000	0.396655	5	0.814815	1.000000	0	1.000000	25	25
seg028->seg030	11	FLIC_Draw	FLIC_Draw	1.000000	0.412706	66	0.450000	0.796657	10	0.906542	107	107
seg033->seg035	34	Restore_Mouse_On_Page	Restore_Mouse_On_Page	1.000000	0.413109	21	0.723684	0.970634	2	0.971831	71	71
seg014->seg014	1	Init_Drivers	Init_Drivers	1.000000	0.413386	34	0.585366	0.034843	11	0.858974	78	78
seg017->seg017	66	UU_LBX_DrawFarString	Print_To_Bitmap_Far	1.000000	0.439532	12	0.538462	0.890566	5	0.800000	25	25
seg017->seg017	45	UU_DBG_TblDrawString	PSTRS	1.000000	0.450168	12	0.600000	0.933852	3	0.892857	28	28
seg034->seg036	26	Scan_Input	Scan_Input	1.000000	0.450815	30	0.808917	0.992089	2	0.986207	145	145
seg031->seg033	2	FLIC_LoadFrame	Add_Picture_To_Bitmap	1.000000	0.452607	29	0.726415	0.966752	2	0.977011	87	87
seg019->seg019	2	UU_VGA_WndDrawText	UU_VGA_WndDrawText	1.000000	0.462614	24	0.811024	1.000000	0	1.000000	112	112
seg003->seg003	2	RP_DISK_GetSpace	UU_Botched_DISK_GetSpace	1.000000	0.476868	45	0.430380	1.000000	0	1.000000	44	44
seg017->seg017	69	UU_LBX_DrawJustifiedFar	UU_Print_Full_To_Bitmap_Far	1.000000	0.479850	18	0.581395	1.000000	0	1.000000	27	27
seg008->seg008	8	Allocate_Space_No_Header__LbxHeader	Allocate_Space_No_Header__LbxHeader	1.000000	0.487961	23	0.439024	0.898361	2	0.937500	32	32
seg033->seg035	7	MD_Init	Init_Mouse_Driver	1.000000	0.497959	18	0.746479	1.000000	0	1.000000	61	61
_AIL_->_AIL_	21	_AIL_set_timer_prd	_AIL_set_timer_prd	1.000000	0.525795	9	0.804348	1.000000	0	1.000000	35	35
seg026->seg028	6	Copy_On_To_Off_YM	Copy_On_To_Off_YM	1.000000	0.537265	23	0.738636	0.944598	6	0.926829	82	82
seg018->seg018	3	VGA_DrawChar_NoAA	Print_Character_No_Alias	1.000000	0.538724	14	0.758621	0.972399	3	0.946429	56	56
SOUND->SOUND	8	Stop_Music__STUB	Stop_Music__STUB	1.000000	0.543184	44	0.137255	1.000000	0	1.000000	42	42
seg014->seg014	3	Load_Font_File	Load_Font_File	1.000000	0.558197	18	0.800000	0.992208	1	0.988372	86	86
seg026->seg028	12	UU_VGA_CopyToDraw	UU_VGA_CopyToDraw	1.000000	0.559187	31	0.515625	1.000000	0	1.000000	39	39
seg012->seg012	12	EMM_MapMulti4	EMM_MapMulti4	1.000000	0.570377	13	0.657895	0.926829	2	0.941176	34	34
seg019->seg019	11	VGA_GetFontHeight	Get_Font_Height	1.000000	0.572062	1	0.937500	1.000000	0	1.000000	16	16
seg028->seg030	29	UU_LBX_IMG_CropRect	UU_LBX_IMG_CropRect	1.000000	0.574078	42	0.700000	0.955691	5	0.960938	128	128
seg016->seg016	11	RP_VGA_ScrambleRect	UU_VGA_ScrambleRect	1.000000	0.578072	43	0.816239	1.000000	0	1.000000	185	185
seg033->seg035	35	Restore_Mouse_Off_Page	Restore_Mouse_Off_Page	1.000000	0.616732	17	0.776316	0.983206	1	0.986111	72	72
seg004->seg004	1	DIR	DIR	1.000000	0.620431	15	0.807692	1.000000	0	1.000000	70	70
SOUND->SOUND	5	UU_SND_GetMIDIVol	Get_Music_Volume__STUB	1.000000	0.625000	21	0.250000	0.944724	1	0.956522	23	23
seg019->seg019	14	VGA_TextDraw_Init	VGA_TextDraw_Init	1.000000	0.627255	38	0.441176	1.000000	0	1.000000	47	47
seg016->seg016	1	Fill	Fill	1.000000	0.627568	24	0.836735	0.988106	1	0.992308	130	130
seg033->seg035	29	MD_ISR_SaveClick	Check_Mouse_Buffer	1.000000	0.635641	12	0.612903	0.968504	2	0.931034	29	29
ovr048->ovr050	2	Load_SAVE_GAM	Load_SAVE_GAM	1.000000	0.638722	119	0.707617	0.993111	2	0.995025	402	402
seg026->seg028	7	Copy_On_To_Off_NM	Copy_On_To_Off_NM	1.000000	0.644560	5	0.886364	1.000000	0	1.000000	40	40
seg024->seg024	1	DBG_Quit	F11_Key__WIP	1.000000	0.655502	8	0.529412	1.000000	0	1.000000	9	9
seg026->seg028	3	Check_Default_Video_Page	Check_Default_Video_Page	1.000000	0.657143	7	0.363636	1.000000	0	1.000000	7	7
seg034->seg036	12	Set_Help_List	Set_Help_List	1.000000	0.658416	6	0.454545	0.912281	2	0.818182	11	11
seg034->seg036	61	UU_GUI_NoMouseHighlight	UU_GUI_NoMouseHighlight	1.000000	0.666667	1	0.800000	1.000000	0	1.000000	5	5
seg026->seg028	4	Page_Flip	Page_Flip	1.000000	0.671309	6	0.806452	1.000000	0	1.000000	28	28
seg034->seg036	43	Add_Button_Field	Add_Button_Field	1.000000	0.673849	11	0.645161	0.901961	5	0.838710	31	31
seg031->seg033	18	UU_DUP_RevGrayscale	UU_DUP_RevGrayscale	1.000000	0.686314	13	0.845238	1.000000	0	1.000000	70	70
seg034->seg036	40	RP_GUI_CreateWndImgLbl	UU_GUI_CreateWndImgLbl	1.000000	0.688042	35	0.814815	0.955692	7	0.959770	174	174
seg033->seg035	28	UU_MD_SetClick_All	Set_Mouse_Buffer	1.000000	0.693939	9	0.526316	0.952941	2	0.894737	19	19
seg034->seg036	69	UU_GUI_ClearSelectable	UU_GUI_ClearSelectable	1.000000	0.697017	7	0.650000	0.924855	1	0.947368	19	19
seg034->seg036	70	UU_GUI_SetSelectable	UU_GUI_SetSelectable	1.000000	0.698113	7	0.650000	0.924855	1	0.947368	19	19
seg002->seg002	1	Mark_Time	Mark_Time	1.000000	0.700483	5	0.687500	1.000000	0	1.000000	9	9
seg021->seg021	3	UU_VGA_ShadeScreen	Tint_Palette	1.000000	0.711121	36	0.785714	1.000000	0	1.000000	147	147
seg026->seg028	8	Copy_Off_To_Back	Copy_Off_To_Back	1.000000	0.713964	9	0.804348	1.000000	0	1.000000	37	37
seg029->seg031	2	VGA_DrawPartImage_R	Clipped_Remap_Draw_Frame__NOP	1.000000	0.716222	53	0.880631	1.000000	0	1.000000	362	362
SOUND->SOUND	12	Audio_Error__STUB	Audio_Error__STUB	1.000000	0.718821	29	0.733945	0.991379	1	0.987500	80	80
seg017->seg017	19	UU_VGA_WndDrawCntrdFar	Clipped_Print_Centered_Far	1.000000	0.720567	10	0.583333	0.911290	4	0.833333	24	24
seg028->seg030	35	Open_File_Animation__HACK	Open_File_Animation	1.000000	0.721123	10	0.811321	0.970297	2	0.962264	53	53
seg033->seg035	36	UU_CRL_Restore_SP3	UU_VGA_RestoreToFrame3	1.000000	0.722753	12	0.828571	1.000000	0	1.000000	66	66
seg033->seg035	11	Mouse_Button_Handler	Mouse_Button_Handler	1.000000	0.723077	7	0.730769	1.000000	0	1.000000	25	25
seg034->seg036	75	UU_GUI_ClearTitleHelp	UU_GUI_ClearTitleHelp	1.000000	0.731343	2	0.666667	1.000000	0	1.000000	5	5
seg017->seg017	38	UU_VGA_DisableAAPixels	No_Print_Alias	1.000000	0.736000	1	0.800000	1.000000	0	1.000000	5	5
SOUND->SOUND	6	UU_SND_Silence	Stop_All_Sounds__STUB	1.000000	0.736383	16	0.578947	1.000000	0	1.000000	35	35
SOUND->SOUND	7	SND_Get_Seq_Status	Midi_Sequence_Status	1.000000	0.737338	18	0.280000	0.974359	1	0.952381	21	21
seg017->seg017	18	UU_VGA_WndDrawFarString	Clipped_Print_Far	1.000000	0.738061	10	0.583333	0.918699	4	0.833333	24	24
seg031->seg033	19	UU_RNG_GFX_Random	RNG_GFX_Random__WIP	1.000000	0.749419	24	0.696203	0.961039	1	0.984375	64	64
seg026->seg028	1	Set_Page_On	Set_Page_On	1.000000	0.751592	6	0.538462	1.000000	0	1.000000	8	8
seg033->seg035	31	Save_Mouse_Off_Page	Save_Mouse_Off_Page	1.000000	0.754530	22	0.798165	0.956327	3	0.970000	100	100
seg016->seg016	9	VGA_Grayscale_Rect	Gray_Scale_Fill	1.000000	0.755035	58	0.773438	0.001016	4	0.983122	237	237
seg013->seg013	15	EMM_CheckHandleOpen	EMM_CheckHandleOpen	1.000000	0.757098	15	0.680851	0.997319	1	0.976190	42	42
seg033->seg035	27	CRP_MD_SetClick_CilckRec2	Set_Buffer_2	1.000000	0.761062	7	0.533333	0.937500	2	0.866667	15	15
_AIL_->_AIL_	105	_DP_start_d_pb	_DP_start_d_pb	1.000000	0.763066	9	0.763158	1.000000	0	1.000000	30	30
seg027->seg029	4	FLIC_EMM_MapNextPages	Map_Frame_ASM	1.000000	0.774818	4	0.750000	1.000000	0	1.000000	16	16
seg033->seg035	1	Set_Mouse_List	Set_Mouse_List	1.000000	0.776646	7	0.810811	1.000000	0	1.000000	33	33
seg034->seg036	36	UU_GUI_Ctrl_DecHeight	UU_GUI_Ctrl_DecHeight	1.000000	0.778947	4	0.809524	0.952880	1	0.952381	21	21
seg013->seg013	31	EMM_Set_Minimum	EMM_Set_Minimum	1.000000	0.786408	3	0.571429	0.833333	1	0.857143	7	7
seg034->seg036	41	UU_GUI_SetBtnClickDir	Set_Button_Down_Offsets	1.000000	0.787456	6	0.400000	0.891566	2	0.800000	10	10
_AIL_->_AIL_	107	UU_DP_get_VOC_status	UU_DP_get_VOC_status	1.000000	0.791469	3	0.857143	1.000000	0	1.000000	12	12
seg033->seg035	10	Mouse_Movement_Handler	Mouse_Movement_Handler	1.000000	0.802395	7	0.750000	1.000000	0	1.000000	25	25
seg017->seg017	57	UU_STR_CopyToNearLBX	String_Copy_Far_To_Near	1.000000	0.802419	6	0.625000	0.800000	3	0.812500	16	16
seg026->seg028	2	Set_Page_Off	Set_Page_Off	1.000000	0.802548	4	0.666667	1.000000	0	1.000000	9	9
seg017->seg017	68	UU_LBX_DrawCenteredFar	UU_Print_Centered_To_Bitmap_Far	1.000000	0.808717	6	0.777778	0.967972	1	0.960000	25	25
seg017->seg017	1	Set_Font_Style_Shadow_Down	Set_Font_Style_Shadow_Down	1.000000	0.811525	15	0.500000	0.950820	3	0.857143	21	21
_AIL_->_AIL_	7	_unhook_timer_proc	_unhook_timer_proc	1.000000	0.812903	2	0.916667	1.000000	0	1.000000	19	19
seg017->seg017	5	UU_VGA_SetFont_Style5	Set_Font_Style_Outline_Heavy	1.000000	0.820225	5	0.791667	0.927039	1	0.952381	21	21
seg017->seg017	40	FNT_FontColorSelect_0or1	Set_Highlight_Colors_On	1.000000	0.822300	2	0.909091	1.000000	0	1.000000	20	20
seg017->seg017	41	FNT_FontColorSelect_0or2	Set_Special_Colors_On	1.000000	0.822300	2	0.909091	1.000000	0	1.000000	20	20
seg034->seg036	80	UU_Activate_Auto_Function	UU_Activate_Auto_Function	1.000000	0.823529	2	0.666667	1.000000	0	1.000000	5	5
seg033->seg035	20	MD_MoveCursor	Set_Pointer_Position	1.000000	0.824242	9	0.608696	0.928571	2	0.909091	22	22
seg023->seg023	1	UU_VGA_GetPointInDir	UU_VGA_GetPointInDir	1.000000	0.825644	11	0.915385	1.000000	0	1.000000	115	115
seg034->seg036	19	UU_GUI_GetLastClickBtns	UU_GUI_GetLastClickBtns	1.000000	0.826667	1	0.833333	1.000000	0	1.000000	6	6
seg008->seg008	3	UU_Near_Allocate_Reset	Near_Allocate_Reset	1.000000	0.826923	3	0.666667	1.000000	0	1.000000	6	6
seg034->seg036	74	UU_GUI_SetDlgTitleHelp	UU_GUI_SetDlgTitleHelp	1.000000	0.826923	2	0.750000	1.000000	0	1.000000	7	7
seg034->seg036	59	UU_GUI_ScrollableTxtDlg	UU_GUI_ScrollableTxtDlg	1.000000	0.827575	71	0.939728	1.000000	0	1.000000	1073	1073
seg024->seg024	5	Release_Version	Release_Version	1.000000	0.829630	2	0.666667	1.000000	0	1.000000	5	5
seg017->seg017	4	UU_VGA_SetFont_Style4	Set_Font_Style_Outline	1.000000	0.831429	4	0.818182	0.927039	1	0.952381	21	21
seg033->seg035	19	Pointer_Y	Pointer_Y	1.000000	0.833333	3	0.625000	1.000000	0	1.000000	6	6
seg019->seg019	7	UU_VGA_ResetFltBlocks	Reset_Paragraph_Exclusions	1.000000	0.836066	1	0.800000	1.000000	0	1.000000	5	5
seg033->seg035	47	UU_GUI_AddBufferClick	UU_GUI_AddBufferClick	1.000000	0.839763	8	0.836735	1.000000	0	1.000000	44	44
seg017->seg017	16	UU_VGA_DrawCenteredFar	Print_Centered_Far	1.000000	0.845152	9	0.625000	0.907631	4	0.833333	24	24
seg002->seg002	4	RP_CLK_ExtWait	UU_CLK_ExtWait	1.000000	0.845745	14	0.766667	1.000000	0	1.000000	42	42
seg022->seg022	3	UU_Clock_Wait30	UU_Clock_Wait30	1.000000	0.848485	4	0.714286	1.000000	0	1.000000	9	9
seg034->seg036	17	UU_GUI_GetLastClickX	UU_GUI_GetLastClickX	1.000000	0.849315	1	0.833333	1.000000	0	1.000000	6	6
seg034->seg036	18	UU_GUI_GetLastClickY	UU_GUI_GetLastClickY	1.000000	0.849315	1	0.833333	1.000000	0	1.000000	6	6
seg034->seg036	13	Deactivate_Help_List	Deactivate_Help_List	1.000000	0.851064	2	0.714286	1.000000	0	1.000000	7	7
seg013->seg013	18	UU_EMM_ReleaseHnd	UU_EMM_ReleaseHnd	1.000000	0.851064	13	0.889831	1.000000	0	1.000000	110	110
seg014->seg014	5	Reset_Window	Reset_Window	1.000000	0.851852	4	0.500000	1.000000	0	1.000000	8	8
seg034->seg036	25	Scan_Field	Scan_Field	1.000000	0.852663	22	0.758242	0.968750	3	0.965116	86	86
seg028->seg030	23	UU_VGA_RotateRect	VGA_RotateRect	1.000000	0.857106	68	0.774834	1.000000	0	1.000000	299	299
seg033->seg035	2	Check_Mouse_Shape	Check_Mouse_Shape	1.000000	0.859813	14	0.688889	0.958580	2	0.951220	41	41
seg034->seg036	15	UU_GUI_GetControlWidth	UU_GUI_GetControlWidth	1.000000	0.860068	11	0.725000	0.941896	2	0.944444	36	36
seg034->seg036	63	UU_GUI_SetControlCount	Clear_Fields_Above	1.000000	0.860140	3	0.666667	0.853933	1	0.888889	9	9
seg033->seg035	8	CRP_MD_EnableEmu	RP_MOUSE_SetUsable	1.000000	0.860759	1	0.833333	1.000000	0	1.000000	6	6
seg002->seg002	2	Time_Passed_	Time_Passed_	1.000000	0.861878	1	0.857143	1.000000	0	1.000000	7	7
seg020->seg020	9	UU_PAL_RestorePalette	NX_VGA_RestoreDAC	1.000000	0.866142	3	0.863636	1.000000	0	1.000000	22	22
seg028->seg030	22	UU_VGA_WndDrawTransform	UU_VGA_WndDrawTransform	1.000000	0.867925	10	0.934641	1.000000	0	1.000000	150	150
seg034->seg036	67	Set_Input_Delay	Set_Input_Delay	1.000000	0.870748	3	0.700000	0.875000	1	0.888889	9	9
seg033->seg035	9	Reset_System_Mouse	Reset_System_Mouse	1.000000	0.873239	4	0.875000	1.000000	0	1.000000	31	31
seg008->seg008	2	Near_Allocate_Undo	Near_Allocate_Undo	1.000000	0.875000	2	0.750000	1.000000	0	1.000000	6	6
seg034->seg036	57	Clear_Fields	Clear_Fields	1.000000	0.875318	3	0.666667	1.000000	0	1.000000	9	9
seg008->seg008	11	Release_Block	Release_Block	1.000000	0.876897	7	0.708333	0.929825	2	0.916667	24	24
seg028->seg030	7	UU_LBX_IMG_ColorShift	UU_LBX_IMG_ColorShift	1.000000	0.880223	5	0.945652	1.000000	0	1.000000	86	86
seg033->seg035	24	MD_GetClickedBtns	Mouse_Buffer_Button	1.000000	0.881579	1	0.833333	1.000000	0	1.000000	6	6
seg013->seg013	28	UU_EMM_Data_Mark	EMMDATAH_Save_Last_Offset	1.000000	0.883721	1	0.833333	1.000000	0	1.000000	6	6
seg013->seg013	29	UU_EMM_Data_Undo	EMMDATAH_Restore_Last_Offset	1.000000	0.883721	1	0.833333	1.000000	0	1.000000	6	6
seg020->seg020	7	UU_PAL_ClearPalette	NX_VGA_ClearDAC	1.000000	0.887202	5	0.861111	1.000000	0	1.000000	31	31
seg020->seg020	11	UU_Reset_Cycle_Palette_Color	Reset_Cycle_Palette_Color	1.000000	0.888889	1	0.800000	1.000000	0	1.000000	5	5
seg028->seg030	16	FLIC_Get_CurrentFrame	FLIC_Get_CurrentFrame	1.000000	0.889571	3	0.750000	0.878049	1	0.916667	12	12
seg028->seg030	39	UU_VGA_FILEH_SetFrame	Set_File_Animation_Frame	1.000000	0.891496	3	0.727273	0.920354	1	0.909091	11	11
_AIL_->_AIL_	106	_DP_stop_d_bp	_DP_stop_d_bp	1.000000	0.895270	8	0.833333	1.000000	0	1.000000	31	31
seg013->seg013	10	UU_EMM_CustomLBXLoad	UU_EMM_CustomLBXLoad	1.000000	0.895375	53	0.795367	1.000000	0	1.000000	222	222
seg017->seg017	3	UU_VGA_SetFont_Style3	Set_Font_Style_Shadow_Heavy	1.000000	0.896450	2	0.904762	0.927039	1	0.952381	21	21
seg033->seg035	38	Draw_Mouse_Off_Page	Draw_Mouse_Off_Page	1.000000	0.896875	7	0.720000	0.952381	2	0.916667	24	24
seg020->seg020	1	Load_Palette	Load_Palette	1.000000	0.898004	22	0.822581	1.000000	0	1.000000	105	105
_AIL_->_AIL_	103	_DP_format_VOC_file	_DP_format_VOC_file	1.000000	0.899317	6	0.949580	1.000000	0	1.000000	110	110
seg017->seg017	2	VGA_SetFont_Style2	Set_Font_Style_Shadow_Up	1.000000	0.899457	5	0.800000	0.927039	1	0.952381	21	21
seg008->seg008	1	Near_Allocate_Mark	Near_Allocate_Mark	1.000000	0.900000	2	0.800000	1.000000	0	1.000000	6	6
seg017->seg017	58	VGA_GetVertSpacing	Get_Font_Vertical_Spacing	1.000000	0.901099	3	0.880000	0.915254	1	0.960000	25	25
seg032->seg034	6	UU_VGA_DrawTexture_R	VGA_DrawTexture_R	1.000000	0.902129	37	0.860377	1.000000	0	1.000000	212	212
seg033->seg035	22	MD_GetClickX	Mouse_Buffer_X	1.000000	0.902778	1	0.833333	1.000000	0	1.000000	6	6
seg033->seg035	23	MD_GetClickY	Mouse_Buffer_Y	1.000000	0.902778	1	0.833333	1.000000	0	1.000000	6	6
seg034->seg036	44	UU_GUI_CreateToggleBtn	UU_GUI_CreateToggleBtn	1.000000	0.905087	3	0.923077	1.000000	0	1.000000	39	39
seg020->seg020	2	UU_VGA_ResetShade0	Update_Remap_Gray_Palette	1.000000	0.905199	2	0.875000	1.000000	0	1.000000	16	16
seg033->seg035	15	UU_MOUSE_GetHwOrEmu	UU_MOUSE_Usable	1.000000	0.906977	3	0.769231	1.000000	0	1.000000	11	11
seg034->seg036	11	Enable_Mouse_Wait	Enable_Mouse_Wait	1.000000	0.909091	1	0.800000	1.000000	0	1.000000	5	5
_AIL_->_AIL_	25	_AIL_register_driver	_AIL_register_driver	1.000000	0.909467	18	0.816327	1.000000	0	1.000000	71	71
seg028->seg030	41	LBX_IMG_SetLoop1	FLIC_Set_LoopFrame_1	1.000000	0.912500	2	0.833333	0.885246	1	0.916667	12	12
seg018->seg018	2	Print_Character	Print_Character	1.000000	0.912946	4	0.935484	1.000000	0	1.000000	56	56
seg028->seg030	15	FLIC_ResetFrame	Reset_Animation_Frame	1.000000	0.916129	3	0.750000	0.913793	1	0.916667	12	12
seg034->seg036	10	Disable_Mouse_Wait	Disable_Mouse_Wait	1.000000	0.916667	1	0.800000	1.000000	0	1.000000	5	5
seg010->seg010	14	Set_Alternate_Path	Set_Alternate_Path	1.000000	0.916667	2	0.818182	0.890909	1	0.909091	11	11
seg034->seg036	9	Enable_Cancel	Enable_Cancel	1.000000	0.917293	1	0.800000	1.000000	0	1.000000	5	5
seg031->seg033	3	FLIC_LoadEMSFrame	Add_Picture_To_Bitmap_EMM	1.000000	0.917846	17	0.901734	1.000000	0	1.000000	148	148
seg026->seg028	5	Copy_On_To_Off_Page	Copy_On_To_Off_Page	1.000000	0.918919	3	0.875000	1.000000	0	1.000000	23	23
seg017->seg017	55	VGA_GetFontColor2	Get_Current_Highlight_Color	1.000000	0.920548	1	0.909091	1.000000	0	1.000000	11	11
seg034->seg036	6	UU_GUI_LoadClickFile	UU_GUI_LoadClickFile	1.000000	0.920664	3	0.921053	1.000000	0	1.000000	37	37
_AIL_->_AIL_	19	_AIL_stop_timer	_AIL_stop_timer	1.000000	0.921824	1	0.961538	1.000000	0	1.000000	21	21
seg024->seg024	6	Check_Release_Version	Check_Release_Version	1.000000	0.921986	1	0.833333	1.000000	0	1.000000	6	6
seg016->seg016	8	VGA_Shade_Rect	Tint_Fill	1.000000	0.925293	47	0.800000	0.978821	5	0.976415	212	212
seg005->seg005	4	GAME_EXE_Swap	GAME_EXE_Swap	1.000000	0.929010	5	0.933333	1.000000	0	1.000000	67	67
seg028->seg030	19	LBX_IMG_GetHeight	FLIC_Get_Height	1.000000	0.929032	3	0.769231	0.956522	1	0.916667	12	12
seg034->seg036	58	UU_GUI_NoSelectColor	NX_UU_GUI_NoSelectColor	1.000000	0.929688	3	0.800000	1.000000	0	1.000000	13	13
seg033->seg035	37	Draw_Mouse_On_Page	Draw_Mouse_On_Page	1.000000	0.929797	6	0.769231	0.952381	2	0.916667	24	24
seg011->seg011	5	gfclose	gfclose	1.000000	0.930233	2	0.833333	1.000000	0	1.000000	7	7
seg017->seg017	56	UU_VGA_GetFontColor3	Get_Current_Special_Color	1.000000	0.931129	1	0.909091	1.000000	0	1.000000	11	11
SOUND->SOUND	11	BLASTER__board_ID	BLASTER__board_ID	1.000000	0.931444	18	0.882353	1.000000	0	1.000000	132	132
seg031->seg033	17	UU_LBX_IMG_RevGrayscale	LBX_IMG_RevGrayscale	1.000000	0.933473	7	0.906667	1.000000	0	1.000000	70	70
seg017->seg017	54	VGA_GetFontColor1	Get_Current_Normal_Color	1.000000	0.933702	1	0.909091	1.000000	0	1.000000	11	11
seg028->seg030	38	UU_VGA_FILEH_GetFrame	Get_File_Animation_Frame	1.000000	0.933798	1	0.909091	1.000000	0	1.000000	11	11
_AIL_->_AIL_	82	_block_type	_block_type	1.000000	0.938144	1	0.909091	1.000000	0	1.000000	10	10
_AIL_->_AIL_	27	_AIL_describe_driver	_AIL_describe_driver	1.000000	0.940594	3	0.869565	1.000000	0	1.000000	20	20
_AIL_->_AIL_	1	_find_proc	_find_proc	1.000000	0.941011	1	0.962963	1.000000	0	1.000000	23	23
seg034->seg036	78	Restore_Auto_Function	Restore_Auto_Function	1.000000	0.941799	2	0.800000	1.000000	0	1.000000	9	9
seg017->seg017	53	VGA_GetFontIndex	Get_Current_Font_Style	1.000000	0.943820	1	0.909091	1.000000	0	1.000000	11	11
seg014->seg014	12	UU_VGA_DrawRect	UU_VGA_DrawRect	1.000000	0.944513	3	0.951613	1.000000	0	1.000000	59	59
seg034->seg036	81	Invoke_Auto_Function	Invoke_Auto_Function	1.000000	0.946860	1	0.875000	1.000000	0	1.000000	7	7
seg017->seg017	8	UU_VGA_SetSpaceWidth	Set_Font_Spacing_Width	1.000000	0.947059	2	0.818182	0.917431	1	0.909091	11	11
seg034->seg036	28	G_GUI_ClearInput	Reset_Wait_For_Input	1.000000	0.947239	3	0.884615	1.000000	0	1.000000	21	21
seg020->seg020	8	UU_PAL_SavePalette	NX_VGA_SaveDAC	1.000000	0.949686	1	0.928571	1.000000	0	1.000000	14	14
seg013->seg013	25	EMM_Map4_EMMDATAH	EMMDATAH_Map	1.000000	0.950980	1	0.900000	1.000000	0	1.000000	10	10
seg022->seg022	8	Random	Random	1.000000	0.952567	5	0.932432	1.000000	0	1.000000	69	69
seg030->seg032	2	EMM_MapNextIMGPages	EMS_Clipped_Draw_Map4Pages	1.000000	0.954545	4	0.789474	1.000000	0	1.000000	19	19
seg016->seg016	10	RP_VGA_Columns	UU_VGA_Columns	1.000000	0.954631	4	0.968750	1.000000	0	1.000000	117	117
seg033->seg035	5	Mouse_Button	Mouse_Button	1.000000	0.955294	2	0.894737	1.000000	0	1.000000	18	18
seg017->seg017	7	Set_Font_LF	Set_Font_LF	1.000000	0.955684	1	0.944444	1.000000	0	1.000000	18	18
_AIL_->_AIL_	94	_xfer_chunk	_xfer_chunk	1.000000	0.957682	4	0.954545	1.000000	0	1.000000	86	86
seg034->seg036	48	UU_GUI_CreateWndLabel	UU_Add_Clipped_Hidden_Field	1.000000	0.958391	13	0.924855	1.000000	0	1.000000	151	151
seg032->seg034	4	UU_MATH_Int_Sin	Sin	1.000000	0.961440	5	0.940476	0.980263	1	0.986486	74	74
seg028->seg030	18	LBX_IMG_GetWidth	FLIC_Get_Width	1.000000	0.962687	2	0.833333	0.956522	1	0.916667	12	12
_AIL_->_AIL_	26	_AIL_release_drv_hnd	_AIL_release_drv_hnd	1.000000	0.964775	3	0.916667	1.000000	0	1.000000	29	29
seg016->seg016	2	Dot	Dot	1.000000	0.965831	5	0.852941	0.967972	2	0.939394	33	33
seg028->seg030	17	UU_LBX_IMG_GetFrameCnt	FLIC_Get_FrameCount	1.000000	0.967532	2	0.833333	0.956522	1	0.916667	12	12
seg010->seg010	17	RAM_Set_Minimum	RAM_Set_Minimum	1.000000	0.968641	2	0.818182	1.000000	0	1.000000	7	7
seg033->seg035	45	UU_GUI_FindEmptyClick	UU_GUI_FindEmptyClick	1.000000	0.970149	2	0.935484	1.000000	0	1.000000	25	25
_AIL_->_AIL_	30	_AIL_shutdown_drvr	_AIL_shutdown_drvr	1.000000	0.970944	2	0.920000	1.000000	0	1.000000	21	21
_AIL_->_AIL_	3	_API_timer	_API_timer	1.000000	0.971466	4	0.948718	1.000000	0	1.000000	68	68
seg017->seg017	9	UU_VGA_SetHorzSpacing	Set_Font_Spacing	1.000000	0.972376	2	0.818182	0.955752	1	0.909091	11	11
seg034->seg036	5	UU_GUI_SetClickBuffer	UU_GUI_SetClickBuffer	1.000000	0.973277	1	0.958333	1.000000	0	1.000000	24	24
seg032->seg034	5	UU_VGA_DrawTexture	VGA_DrawTexture	1.000000	0.974211	8	0.953757	1.000000	0	1.000000	161	161
_AIL_->_AIL_	11	_program_timers	_program_timers	1.000000	0.974598	5	0.923077	1.000000	0	1.000000	52	52
seg032->seg034	3	UU_MATH_Int_Cos	Cos	1.000000	0.974598	3	0.964286	0.980519	1	0.986667	75	75
_AIL_->_AIL_	6	_hook_timer_process	_hook_timer_process	1.000000	0.976285	2	0.939394	1.000000	0	1.000000	28	28
seg028->seg030	21	UU_VGA_WndDrawImageRect	VGA_WndDrawImageRect	1.000000	0.976912	103	0.944979	1.000000	0	1.000000	1739	1739
_AIL_->_AIL_	29	_AIL_init_driver	_AIL_init_driver	1.000000	0.977307	3	0.965116	1.000000	0	1.000000	79	79
seg031->seg033	10	UU_LBX_IMG_GetIntensity	UU_LBX_IMG_GetIntensity	1.000000	0.978673	3	0.958904	1.000000	0	1.000000	66	66
_AIL_->_AIL_	85	_DP_preformat	_DP_preformat	1.000000	0.979377	4	0.951220	1.000000	0	1.000000	77	77
_AIL_->_AIL_	91	_process_block	_process_block	1.000000	0.980313	4	0.974359	1.000000	0	1.000000	146	146
_AIL_->_AIL_	8	_set_PIT_divisor	_set_PIT_divisor	1.000000	0.981073	1	0.965517	1.000000	0	1.000000	25	25
seg026->seg028	9	Copy_Back_To_Off	Copy_Back_To_Off	1.000000	0.982051	2	0.945946	1.000000	0	1.000000	37	37
seg022->seg022	6	Get_Random_Seed	Get_Random_Seed	1.000000	0.982405	1	0.941176	1.000000	0	1.000000	16	16
seg013->seg013	19	UU_Get_EMM_OK	UU_EMM_Available	1.000000	0.984375	1	0.833333	1.000000	0	1.000000	6	6
seg026->seg028	10	VGA_SaveDraw_Frame4	Copy_Off_To_Page4	1.000000	0.984810	1	0.973684	1.000000	0	1.000000	37	37
seg033->seg035	18	Pointer_X	Pointer_X	1.000000	0.984848	1	0.833333	1.000000	0	1.000000	6	6
seg013->seg013	22	UU_EMM_VGARead_fP5	RP_EMM_VGARead_fP5	1.000000	0.985366	1	0.941176	1.000000	0	1.000000	17	17
seg013->seg013	21	UU_EMM_VGAWrite_fP5	RP_EMM_VGAWrite_fP5	1.000000	0.985437	1	0.941176	1.000000	0	1.000000	17	17
seg021->seg021	5	UU_VGA_ColorWave	NX_VGA_ColorWave	1.000000	0.986124	2	0.975309	1.000000	0	1.000000	75	75
_AIL_->_AIL_	15	_AIL_release_tmr_hnd	_AIL_release_tmr_hnd	1.000000	0.987319	1	0.975000	1.000000	0	1.000000	35	35
seg016->seg016	6	RP_VGA_DiagColumns	UU_VGA_DiagColumns	1.000000	0.988912	5	0.964789	1.000000	0	1.000000	132	132
seg021->seg021	4	UU_VGA_SlideColors	VGA_SlideColors__STUB	1.000000	0.990132	2	0.981481	1.000000	0	1.000000	101	101
seg034->seg036	45	UU_GUI_CreateLockblBtn	UU_GUI_CreateLockblBtn	1.000000	0.990783	1	0.974359	1.000000	0	1.000000	39	39
seg028->seg030	33	UU_LBX_IMG_ExtGrayScale	UU_LBX_IMG_ExtGrayScale	1.000000	0.990899	2	0.985714	1.000000	0	1.000000	121	121
seg028->seg030	45	UU_LBX_IMG_DrawRect	UU_LBX_IMG_DrawRect	1.000000	0.991343	3	0.982143	1.000000	0	1.000000	149	149
seg032->seg034	2	UU_MATH_Inverse_Tan_QI	Get_Base_Angle	1.000000	0.992653	2	0.981982	1.000000	0	1.000000	98	98
seg008->seg008	10	Mark_Block	Mark_Block	1.000000	0.994012	2	0.920000	1.000000	0	1.000000	25	25
seg019->seg019	12	UU_VGA_WidestGlyph	UU_VGA_WidestGlyph	1.000000	0.994845	1	0.975000	1.000000	0	1.000000	37	37
_AIL_->_AIL_	79	_AIL_unhook	_AIL_unhook	1.000000	0.995334	1	0.952381	1.000000	0	1.000000	20	20
_AIL_->_AIL_	80	_AIL_hook	_AIL_hook	1.000000	0.995816	1	0.956522	1.000000	0	1.000000	22	22
_AIL_->_AIL_	95	_DP_describe_driver	_DP_describe_driver	1.000000	0.995951	2	0.955556	1.000000	0	1.000000	41	41
seg028->seg030	20	UU_VGA_WndDrawRotateImg	VGA_WndDrawRotateImg	1.000000	0.997047	2	0.972973	1.000000	0	1.000000	74	74
seg028->seg030	4	UU_LBX_IMG_VertWarp	LBX_IMG_VertWarp	1.000000	0.998019	1	0.994118	1.000000	0	1.000000	148	148
_AIL_->_AIL_	4	_init_DDA_arrays	_init_DDA_arrays	1.000000	1.000000	0	1.000000	1.000000	0	1.000000	27	27
_AIL_->_AIL_	5	_bios_caller	_bios_caller	1.000000	1.000000	0	1.000000	1.000000	0	1.000000	3	3
_AIL_->_AIL_	12	_AIL_startup	_AIL_startup	1.000000	1.000000	0	1.000000	1.000000	0	1.000000	30	30
_AIL_->_AIL_	13	_AIL_shutdown	_AIL_shutdown	1.000000	1.000000	0	1.000000	1.000000	0	1.000000	41	41
_AIL_->_AIL_	14	_AIL_register_timer	_AIL_register_timer	1.000000	1.000000	0	1.000000	1.000000	0	1.000000	77	77
_AIL_->_AIL_	17	_AIL_start_timer	_AIL_start_timer	1.000000	1.000000	0	1.000000	1.000000	0	1.000000	21	21
_AIL_->_AIL_	24	_AIL_int_divisor	_AIL_int_divisor	1.000000	1.000000	0	1.000000	1.000000	0	1.000000	13	13
_AIL_->_AIL_	83	_marker_num	_marker_num	1.000000	1.000000	0	1.000000	1.000000	0	1.000000	12	12
_AIL_->_AIL_	87	_CB_play_VOC	_CB_play_VOC	1.000000	1.000000	0	1.000000	1.000000	0	1.000000	14	14
_AIL_->_AIL_	88	_CB_play_buffer	_CB_play_buffer	1.000000	1.000000	0	1.000000	1.000000	0	1.000000	20	20
_AIL_->_AIL_	89	_next_block	_next_block	1.000000	1.000000	0	1.000000	1.000000	0	1.000000	44	44
_AIL_->_AIL_	90	_next_buffer	_next_buffer	1.000000	1.000000	0	1.000000	1.000000	0	1.000000	15	15
_AIL_->_AIL_	92	_process_buffer	_process_buffer	1.000000	1.000000	0	1.000000	1.000000	0	1.000000	33	33
_AIL_->_AIL_	93	_DMA_transfer	_DMA_transfer	1.000000	1.000000	0	1.000000	1.000000	0	1.000000	22	22
_AIL_->_AIL_	97	_DP_init_driver	_DP_init_driver	1.000000	1.000000	0	1.000000	1.000000	0	1.000000	43	43
_AIL_->_AIL_	98	_DP_shutdown_driver	_DP_shutdown_driver	1.000000	1.000000	0	1.000000	1.000000	0	1.000000	23	23
_AIL_->_AIL_	100	_DP_register_sb	_DP_register_sb	1.000000	1.000000	0	1.000000	1.000000	0	1.000000	37	37
_AIL_->_AIL_	101	UU_DP_get_sb_status	UU_DP_get_sb_status	1.000000	1.000000	0	1.000000	1.000000	0	1.000000	15	15
_AIL_->_AIL_	102	_DP_play_VOC_file	_DP_play_VOC_file	1.000000	1.000000	0	1.000000	1.000000	0	1.000000	76	76
seg012->seg012	10	EMM_GetPageFrame	EMM_Get_Page_Frame	1.000000	1.000000	0	1.000000	1.000000	0	1.000000	6	6
seg013->seg013	23	UU_EMM_VGAWrite_P5	RP_EMM_VGAWrite_P5	1.000000	1.000000	0	1.000000	1.000000	0	1.000000	21	21
seg013->seg013	24	UU_EMM_VGARead_P5	RP_EMM_VGARead_P5	1.000000	1.000000	0	1.000000	1.000000	0	1.000000	21	21
seg016->seg016	5	UU_VGA_CreateColorWave	UU_VGA_CreateColorWave	1.000000	1.000000	0	1.000000	1.000000	0	1.000000	30	30
seg017->seg017	6	Set_Outline_Color	Set_Outline_Color	1.000000	1.000000	0	1.000000	1.000000	0	1.000000	7	7
seg020->seg020	10	UU_Set_Palette_Colors	NX_VGA_LoadDAC	1.000000	1.000000	0	1.000000	1.000000	0	1.000000	40	40
seg022->seg022	4	Clear_Screens	Clear_Screens	1.000000	1.000000	0	1.000000	1.000000	0	1.000000	30	30
seg022->seg022	5	Set_Random_Seed	Set_Random_Seed	1.000000	1.000000	0	1.000000	1.000000	0	1.000000	9	9
seg022->seg022	29	UU_DBG_SetSelectSetting	UU_DBG_SetSelectSetting	1.000000	1.000000	0	1.000000	1.000000	0	1.000000	16	16
seg028->seg030	8	UU_LBX_IMG_CReplaceRect	UU_LBX_IMG_CReplaceRect	1.000000	1.000000	0	1.000000	1.000000	0	1.000000	92	92
seg031->seg033	4	EMM_MapNextIMGPages2	EMM_MapNextIMGPages2	1.000000	1.000000	0	1.000000	1.000000	0	1.000000	14	14
seg033->seg035	3	Get_Pointer_Image_Number	Get_Pointer_Image_Number	1.000000	1.000000	0	1.000000	1.000000	0	1.000000	6	6
seg033->seg035	4	Get_Pointer_Offset	Get_Pointer_Offset	1.000000	1.000000	0	1.000000	1.000000	0	1.000000	6	6
seg033->seg035	13	Save_Mouse_State	Save_Mouse_State	1.000000	1.000000	0	1.000000	1.000000	0	1.000000	11	11
seg033->seg035	14	Restore_Mouse_State	Restore_Mouse_State	1.000000	1.000000	0	1.000000	1.000000	0	1.000000	9	9
seg033->seg035	25	Mouse_Buffer	Mouse_Buffer	1.000000	1.000000	0	1.000000	1.000000	0	1.000000	8	8
seg033->seg035	26	Mouse_Buffer2	Mouse_Buffer2	1.000000	1.000000	0	1.000000	1.000000	0	1.000000	8	8
seg033->seg035	33	Copy_Mouse_Off_To_Mouse_Back	Copy_Mouse_Off_To_Mouse_Back	1.000000	1.000000	0	1.000000	1.000000	0	1.000000	16	16
seg033->seg035	41	UU_GUI_ClearClickBuffer	UU_GUI_ClearClickBuffer	1.000000	1.000000	0	1.000000	1.000000	0	1.000000	12	12
seg033->seg035	42	UU_GUI_ClickBuffReset	UU_GUI_ClickBuffReset	1.000000	1.000000	0	1.000000	1.000000	0	1.000000	2	2
seg033->seg035	43	UU_GUI_SetClickBuffVar1	UU_GUI_SetClickBuffVar1	1.000000	1.000000	0	1.000000	1.000000	0	1.000000	2	2
seg033->seg035	44	UU_GUI_ClearBufferClick	UU_GUI_ClearBufferClick	1.000000	1.000000	0	1.000000	1.000000	0	1.000000	11	11
seg033->seg035	46	UU_GUI_GetClickBuffVar1	UU_GUI_GetClickBuffVar1	1.000000	1.000000	0	1.000000	1.000000	0	1.000000	2	2
seg034->seg036	2	UU_GUI_SetTimeOutP	UU_GUI_SetTimeOutP	1.000000	1.000000	0	1.000000	1.000000	0	1.000000	9	9
seg034->seg036	3	UU_GUI_SetTimeOutN	UU_GUI_SetTimeOutN	1.000000	1.000000	0	1.000000	1.000000	0	1.000000	9	9
seg034->seg036	4	UU_GUI_EditStart	UU_GUI_EditStart	1.000000	1.000000	0	1.000000	1.000000	0	1.000000	6	6
seg034->seg036	8	Disable_Cancel	Disable_Cancel	1.000000	1.000000	0	1.000000	1.000000	0	1.000000	5	5
seg034->seg036	16	UU_GUI_GetControlHeight	UU_GUI_GetControlHeight	1.000000	1.000000	0	1.000000	1.000000	0	1.000000	36	36
seg034->seg036	20	Auto_Input	Auto_Input	1.000000	1.000000	0	1.000000	1.000000	0	1.000000	6	6
seg034->seg036	27	UU_GUI_KeyWaitLoop	UU_GUI_KeyWaitLoop	1.000000	1.000000	0	1.000000	1.000000	0	1.000000	10	10
seg034->seg036	64	UU_GUI_GetControlCount	Get_Field_Counter	1.000000	1.000000	0	1.000000	1.000000	0	1.000000	6	6
seg034->seg036	68	UU_GUI_GetDelay	UU_Get_Input_Delay	1.000000	1.000000	0	1.000000	1.000000	0	1.000000	6	6
seg034->seg036	77	Save_Auto_Function	Save_Auto_Function	1.000000	1.000000	0	1.000000	1.000000	0	1.000000	8	8
seg034->seg036	79	Deactivate_Auto_Function	Deactivate_Auto_Function	1.000000	1.000000	0	1.000000	1.000000	0	1.000000	5	5
stub048->stub050	1	j_Save_SAVE_GAM	j_Save_SAVE_GAM	1.000000	1.000000	0	1.000000	1.000000	0	1.000000	1	1
stub048->stub050	2	j_Load_SAVE_GAM	j_Load_SAVE_GAM	1.000000	1.000000	0	1.000000	1.000000	0	1.000000	1	1
